,ibns_20u,ibns_20u_9n,vgs_m1,ibn_settl_err,name,type,time,OK
0,21.75967,21.759469999999997,0.6203469,0.20000000000043855,tran_LayGtKttTtVt,Lay,Sun Aug 18 16:31:02 2024,True
